{"generation":122660,"bestFitness":1842.8050506007744,"weights":[1.0524117946624756,0.709987461566925,-0.9991737008094788,0.5500483512878418,-0.008228423073887825,-1.2198739051818848,0.45618635416030884,-0.3418522775173187,0.5651850700378418,0.14113527536392212,-0.0853399708867073,1.807441234588623,-0.23572224378585815,0.4262467622756958,0.9750545024871826,0.05728594586253166,-0.5587348937988281,-1.4700498580932617,0.6981849670410156,-0.5827952027320862,0.09678374230861664,-0.9092628359794617,-1.7436240911483765,-0.11510705947875977,0.04914981126785278,-0.8746644258499146,0.1143198236823082,-0.02048550732433796,-1.299058437347412,-2.3315794467926025,-0.04946734383702278,-0.08624453842639923,0.03481801226735115,0.854016900062561,0.038514818996191025,-0.670961320400238,0.4508185386657715,0.32081201672554016,1.3437491655349731,0.9381799697875977,-0.6135539412498474,-0.9788495898246765,-0.09020884335041046,-0.2614998519420624,-0.7448552250862122,0.6231169700622559,-0.420603483915329,-0.191964790225029,-0.6978158950805664,-0.18672385811805725,1.6171876192092896,-0.5100070834159851,1.0790289640426636,0.27096250653266907,0.5466069579124451,-0.8495619297027588,0.3830283284187317,1.5860568284988403,0.05515754967927933,-1.1798441410064697,-0.303713858127594,-0.001476135104894638,-0.5399575233459473,0.6332042813301086,0.02361145243048668,-0.19604147970676422,-0.6029868125915527,0.7717113494873047,0.15443283319473267,0.3013762831687927,0.1205611452460289,2.4090473651885986,0.693180501461029,-0.3272341787815094,-0.6600888967514038,1.4141952991485596,0.015133572742342949,0.051230356097221375,0.7747693061828613,-0.4866090714931488,-0.09776753932237625,1.0430681705474854,1.2605458498001099,0.49097973108291626,1.315110206604004,-0.7630961537361145,0.035318318754434586,-0.3229897618293762,-0.2712087035179138,2.7509422302246094,0.042107339948415756,1.297217607498169,-0.2620195746421814,-0.8758330941200256,-0.439171701669693,-0.1664377748966217,-0.042222876101732254,-1.2026699781417847,-0.5622946619987488,0.6395381093025208,-0.02603195793926716,0.21311505138874054,-0.0053898305632174015,1.5609276294708252,-0.1546885222196579,0.9738731384277344,-0.3459949791431427,0.12495848536491394,1.4060078859329224,0.3270321786403656,0.12875008583068848,1.595121145248413,-0.47283822298049927,0.005098761059343815,-0.08495526760816574,1.0603574514389038,-0.05648673698306084,1.4555259943008423,-0.6522042751312256,-0.4815077483654022,1.5221389532089233,-0.8245800733566284,0.06089571490883827,0.38795700669288635,0.008754638023674488,0.02876305766403675,0.9925183653831482,-1.0019398927688599,0.9075765013694763,0.7533212900161743,0.07258028537034988,0.3444991707801819,-1.2999563217163086,1.199198842048645,0.37210825085639954,-1.0909098386764526,0.3463278114795685,1.3722114562988281,-2.9208133220672607,0.5731788873672485,-0.08184832334518433,-1.5929425954818726,0.5455792546272278,-0.9215854406356812,0.033413589000701904,-0.27169269323349,0.17339973151683807,-0.5999773144721985,-1.3322112560272217,0.9599568843841553,-0.22631675004959106,0.01730072870850563,-0.5043585896492004,-0.13525961339473724,-0.45049697160720825,-0.15799042582511902,0.46920621395111084,0.47581854462623596,0.8328947424888611,-0.06021710857748985,0.024125734344124794,-0.4187150299549103,-0.4152596592903137,0.3526819944381714,1.6341060400009155,-0.8540595173835754,0.0887756422162056,1.4938719272613525,-1.3556419610977173,-0.7480578422546387,-0.06637784838676453,-0.15641126036643982,0.34818804264068604,-1.4407501220703125,0.1877346932888031,1.6751402616500854,-0.9166635274887085,1.2444566488265991,0.714373767375946,-0.7071192860603333,-0.09759580343961716,-0.7364572286605835,-0.21660080552101135,0.2721019387245178,0.4821711480617523,-0.06738045066595078,0.438730925321579,-1.44188392162323,0.24138827621936798,0.07452374696731567,-2.9334447383880615,0.7105498909950256,-0.011862563900649548,0.25383278727531433,-1.5830966234207153,0.04437705874443054,1.7540960311889648,0.46537595987319946,-0.1933717578649521,0.7104135155677795,-0.26351428031921387,-0.46079716086387634,-2.232085943222046,-1.0177953243255615,1.2138408422470093,0.15242350101470947,-0.1707024872303009,-0.06997719407081604,0.02395072765648365,1.3479605913162231,-0.5229010581970215,0.963433027267456,0.6867866516113281,0.3528989851474762,-4.212626934051514,-0.06538181006908417,0.12044388800859451,1.6807172298431396,1.606458306312561,0.012260982766747475,0.393908828496933,-0.6404067873954773,0.03622918948531151,0.3127598762512207,0.6228126883506775,-0.7876855134963989,1.2770785093307495,-0.3177475929260254,0.07283734530210495,-0.8582497239112854,-0.39774277806282043,-0.8581830859184265,0.10093170404434204,-2.6790828704833984,-1.1719236373901367,-0.4178914427757263,0.18873371183872223,1.19698166847229,0.0360272191464901,-1.049727201461792,0.43075472116470337,-0.4424018859863281,-0.9033011794090271,0.31102171540260315,-1.6272162199020386,-0.3062446713447571,0.06368382275104523,-0.1429702341556549,-0.5229112505912781,3.4245316982269287,0.0648866519331932,-3.371447801589966,-0.18117700517177582,0.08037124574184418,0.9618610739707947,0.015473194420337677,0.09217344969511032,1.048409104347229,0.9027349352836609,-0.3460921049118042,-0.5214208960533142,2.2161824703216553,-0.8633551597595215,1.8515682220458984,0.5334591269493103,-1.6817682981491089,0.5124720931053162,0.25752031803131104,0.36463814973831177,1.1958637237548828,-0.12379936873912811,-0.6485893130302429,0.43783462047576904,1.4115713834762573,0.5098997354507446,-0.11200670897960663,0.00934407114982605,-0.11454646289348602,-0.9423238635063171,0.4998154044151306,-0.3831653594970703,0.3822651207447052,0.04826555773615837,-0.8215987086296082,0.2488681524991989,1.1172151565551758,-0.3869926631450653,0.9758769273757935,0.3351304233074188,1.5842853784561157,0.3599976897239685,-1.0097051858901978,-0.7997691631317139,-1.4061055183410645,1.1535357236862183,-0.4543571174144745,-0.3539944887161255,0.47541069984436035,-1.8739348649978638,-0.10751230269670486,-0.5677576065063477,-1.5520483255386353,-0.1970454454421997,-0.37849146127700806,0.7433671355247498,0.979338526725769,-0.06966269016265869,0.5780322551727295,0.38309621810913086,0.6127324104309082,-1.5380682945251465,0.02870880253612995,-0.5599651336669922,1.3721528053283691,0.2963990271091461,-1.031008243560791,-1.4646520614624023,-0.23969203233718872,-0.00824649166315794,1.1026194095611572,-0.5509696006774902,-0.5750156044960022,0.10525408387184143,-1.3340593576431274,0.5841139554977417,-0.8514890074729919,-0.08190402388572693,-0.2764720618724823,0.880408763885498,1.5889174938201904,-1.2299772500991821,-0.4950030744075775,0.7687086462974548,-0.14709296822547913,2.5485973358154297,0.12601324915885925,0.8970476388931274,-1.233783483505249,-1.4002325534820557,0.2034035623073578,-0.2518540620803833,0.3514688014984131,-0.02983483113348484,1.955390453338623,-0.05476571246981621,-0.39644771814346313,-0.9011325836181641,-0.22124497592449188,0.7085054516792297,-0.006959599908441305,0.24079343676567078,-0.034232061356306076,-0.27143964171409607,-1.0079960823059082,0.46826598048210144,0.07915382087230682,0.5304545164108276,-1.9526313543319702,-0.5661274194717407,0.8339483141899109,1.6651610136032104,0.6028897762298584,0.9466646909713745,0.9534425139427185,0.25758102536201477,0.49598291516304016,-1.1700713634490967,-0.6261749863624573,-0.06287001073360443,-0.03322097659111023,0.19593963027000427,-0.23750954866409302,-1.9237635135650635,-1.6172348260879517,-1.930721402168274,-0.5498995780944824,2.8170759677886963,2.618891954421997,-0.8367903232574463,-1.112197995185852,-0.1146983727812767,0.09595277160406113,0.1606842428445816,-0.687411367893219,0.4901445209980011,-0.6707472205162048,-0.7004014253616333,-0.03295367956161499,-0.3329866826534271,0.3946760892868042,1.0426580905914307,-0.8936945199966431,-0.08559812605381012,-0.16985364258289337,-0.5754735469818115,0.39967048168182373,0.607903778553009,-1.1550637483596802,0.3935421109199524,-0.27926552295684814,-0.017896298319101334,